NUMBER,MAG_APER,MAGERR_APER,MAG_AUTO,MAGERR_AUTO,MAG_BEST,MAGERR_BEST,KRON_RADIUS,BACKGROUND,THRESHOLD,ISOAREA_IMAGE,ISOAREAF_IMAGE,ALPHAPEAK_J2000,DELTAPEAK_J2000,X_IMAGE,Y_IMAGE,FWHM_IMAGE,FWHM_WORLD,ELONGATION,ELLIPTICITY,CLASS_STAR,FLUX_RADIUS,FILE_NAME,CLASS_OBJECT
3181,-14.8148,0.001,-15.364,0.001,-15.364,0.001,3.5,4950.608,147.3241,335,360,148.9062367,69.1655484,1788.565,1058.405,3.94,0.0002045237,1.087,0.08,0.99,2.106,dataset\i23.cat,star
186,-15.1525,0.0008,-15.986,0.0007,-15.986,0.0007,3.5,4428.384,147.3241,492,524,149.1325869,69.1124564,237.613,35.977,5.69,0.0002957132,1.17,0.146,1.0,2.626,dataset\i23.cat,star
4479,-15.1632,0.0008,-15.9936,0.0007,-15.9936,0.0007,3.5,4405.938,147.3241,510,544,148.8818247,69.2430258,1953.578,2551.119,4.81,0.0002496778,1.126,0.112,1.0,2.622,dataset\i23.cat,star
4788,-14.8827,0.001,-15.4279,0.0009,-15.4279,0.0009,3.5,4395.563,147.3241,322,342,148.9080303,69.31015,1772.426,3842.438,3.52,0.000182738,1.037,0.035,0.99,2.108,dataset\i23.cat,star
4371,-15.1412,0.0008,-15.9733,0.0007,-15.9733,0.0007,3.5,4449.476,147.3241,517,553,148.8839713,69.2269261,1938.762,2241.381,5.51,0.0002861936,1.077,0.072,1.0,2.62,dataset\i23.cat,star
1124,-14.8873,0.0009,-15.4649,0.001,-15.4649,0.001,3.5,4337.742,147.3241,435,465,149.1364641,69.1281393,210.805,338.432,3.98,0.0002069869,1.178,0.151,1.0,2.188,dataset\i23.cat,star
268,-15.1868,0.0008,-16.2097,0.0006,-16.2097,0.0006,3.5,5191.354,147.3241,642,710,149.0115277,69.1179005,1067.851,141.421,6.75,0.0003504656,1.071,0.066,0.99,2.881,dataset\i23.cat,star
1219,-15.0896,0.0009,-15.8227,0.0008,-15.8227,0.0008,3.5,4748.729,147.3241,478,582,149.0618349,69.1333711,723.583,438.613,5.05,0.0002620663,1.07,0.066,1.0,2.48,dataset\i23.cat,star
